{
  "K0": [
    [
      645.2313798839476,
      0.0,
      315.459607333471
    ],
    [
      0.0,
      646.2037510051822,
      239.98844718307996
    ],
    [
      0.0,
      0.0,
      1.0
    ]
  ],
  "d0": [
    [
      -1.464742618992208,
      21.057052401076625,
      -0.043645025012021596,
      -0.02745594908313059,
      -90.38261229212377
    ]
  ],
  "K1": [
    [
      746.2751423829774,
      0.0,
      182.38584791156265
    ],
    [
      0.0,
      864.4767092057785,
      20.741683822079985
    ],
    [
      0.0,
      0.0,
      1.0
    ]
  ],
  "d1": [
    [
      0.4273283495714112,
      -2.2424678959675517,
      -0.0675860319102396,
      0.02048238198516077,
      3.0046966047448063
    ]
  ],
  "R": [
    [
      0.5520359709600912,
      -0.7927814063643285,
      0.2583678162797117
    ],
    [
      0.7418240590383348,
      0.6084410230248122,
      0.2819513910808194
    ],
    [
      -0.3807273988013453,
      0.036016152258637954,
      0.9239856517167591
    ]
  ],
  "T": [
    [
      -0.0400200901599653
    ],
    [
      -0.01826859421802562
    ],
    [
      0.16823400267099506
    ]
  ]
}