{
  "K0": [
    [
      638.2822288874202,
      0.0,
      294.8468370924037
    ],
    [
      0.0,
      636.9852010788622,
      255.63967411985635
    ],
    [
      0.0,
      0.0,
      1.0
    ]
  ],
  "d0": [
    [
      0.010894562410233155,
      -0.08501231539779762,
      0.002733140845165976,
      -0.011889710488306459,
      0.124171344714902
    ]
  ],
  "K1": [
    [
      629.1549600086837,
      0.0,
      319.34440763147256
    ],
    [
      0.0,
      628.6908798370852,
      260.29227664378726
    ],
    [
      0.0,
      0.0,
      1.0
    ]
  ],
  "d1": [
    [
      0.04709900380229788,
      -0.28150007627057727,
      -0.0024869157544985276,
      -0.007770555410859183,
      0.20153809352857222
    ]
  ],
  "R": [
    [
      0.13438812059740823,
      0.2060978970684053,
      -0.9692592480168952
    ],
    [
      -0.08727598999422276,
      -0.9718691876541037,
      -0.2187537054750867
    ],
    [
      -0.9870778766707441,
      0.11399095978424628,
      -0.11262027559299237
    ]
  ],
  "T": [
    [
      0.4326284362440407
    ],
    [
      0.09624266173762677
    ],
    [
      0.6225873947241424
    ]
  ]
}